{"meter": 3.280839895013123, "m": 3.280839895013123, "milimeter": 0.0032808398950131233, "mm": 0.0032808398950131233, "inch": 0.08333333333333333, "in": 0.08333333333333333, "international_foot": 1.0, "foot": 1.0, "ft": 1.0, "us_survey_foot": 1.000002001312336, "s_foot": 1.000002001312336, "s_ft": 1.000002001312336, "international_yard": 3.0, "yard": 3.0, "yd": 3.0, "kilogram": 2.2046226218487757, "kg": 2.2046226218487757, "pound_mass": 1.0, "lb": 1.0, "newton": 0.2248089430997105, "N": 0.2248089430997105, "pound_force": 1.0, "lbf": 1.0, "kip": 999.9999965693032}